Location,AADT (2018)
"36.118381, -84.117474",25158
"36.089705, -84.142995",18569
"36.084924, -84.129243",21763
"36.048395, -84.117036",14912
"36.038755, -84.107014",16370
"36.037481, -84.120444",15200
"36.017025, -84.167139",15109
"36.047462, -84.207528",18929
"36.019468, -84.287306",19220
"36.036713, -84.332693",19509
"36.007718, -84.275694",24351
"36.00736, -84.260364",29057
"35.987839, -84.210593",36822
"36.101861, -84.132565",10795
"36.032863, -84.226492",21954
"36.01332, -84.240376",18729
"36.014617, -84.249751",10315
"35.991872, -84.319904",15759
"36.142387, -84.049092",38698
"36.133472, -84.1091",27025
"35.989627, -84.217854",33680
"35.996328, -84.237771",11065
"36.22341, -84.156935",10906
"36.022661, -84.244706",26254
"36.016653, -84.2411",12576
"36.097413, -84.133229",23145
"36.170172, -84.076098",20871
"36.164151, -84.085444",26266
"35.609197, -86.435002",19137
"35.485196, -86.429337",13557
"35.511197, -86.456089",23557
"35.502741, -86.482316",10565
"35.471741, -86.389006",10049
"35.481954, -86.463502",18052
"35.489041, -86.46939",10878
"35.492129, -86.458657",23121
"35.488222, -86.459166",15728
"35.488634, -86.456344",15867
"35.495945, -86.459509",10237
"35.485242, -86.461879",11931
"35.485432, -86.463881",11201
"35.54628, -86.450161",19834
"35.640385, -86.427235",17400
"36.056757, -88.114527",10783
"35.857111, -88.055056",32602
"36.076474, -88.112204",10765
"35.800544, -83.943854",18016
"35.780358, -83.9502",13596
"35.782987, -83.985595",19128
"35.747011, -84.001339",11849
"35.762743, -83.945953",11611
"35.755138, -83.951197",25187
"35.759017, -83.869313",13242
"35.735922, -83.992447",38021
"35.690358, -84.053369",18036
"35.703927, -84.035682",26091
"35.744638, -83.993641",31522
"35.744777, -83.983856",18533
"35.751488, -83.985645",23261
"35.753021, -83.974226",11476
"35.748305, -83.971118",11334
"35.761384, -83.967968",27742
"35.757257, -83.973027",12269
"35.759301, -83.966216",25109
"35.768771, -83.987599",37899
"35.779146, -83.997624",10022
"35.753453, -84.009607",28120
"35.756529, -84.085533",13202
"35.752303, -84.141596",11769
"35.76886, -83.974614",25156
"35.744659, -83.998378",15051
"35.822692, -84.022375",11911
"35.754777, -83.966346",22163
"35.756775, -83.910817",21850
"35.767333, -83.982705",14539
"35.771413, -83.98483",16873
"35.770251, -83.97996",12844
"35.766604, -83.980815",19120
"35.756117, -83.963456",23428
"35.750846, -83.974589",24170
"35.81299, -84.02792",10561
"35.752416, -83.996061",15806
"35.83155, -83.964174",13559
"35.72017, -83.982309",10501
"35.738552, -83.994614",14102
"35.80892, -83.943933",12580
"35.763321, -84.007051",12592
"35.198816, -84.889523",13009
"35.178333, -84.880544",11976
"35.188698, -84.868729",25129
"35.200586, -84.846083",31147
"35.149239, -84.845016",24350
"35.159747, -84.884928",13879
"35.151537, -84.907445",10955
"35.126699, -84.864947",16774
"35.119072, -84.843887",11570
"35.194731, -84.849434",11582
"35.188026, -84.878293",30487
"35.148116, -84.935427",21480
"35.181893, -84.871963",28339
"35.178897, -84.87516",21732
"35.177125, -84.866686",10846
"35.156995, -84.871186",15263
"35.141971, -84.871461",10238
"35.165026, -84.87266",14390
"35.161452, -84.880331",14980
"35.139142, -84.913057",29385
"35.140561, -84.854654",37780
"35.132742, -84.860704",35293
"35.131367, -84.879093",28246
"35.163171, -84.885333",15429
"35.172782, -84.855104",26559
"35.162089, -84.8463",33122
"35.198936, -84.868912",11613
"35.167672, -84.840786",12394
"35.133312, -84.755743",14790
"35.192985, -84.837077",25886
"35.185574, -84.818962",15664
"35.144553, -84.823266",22217
"35.129222, -84.853145",11964
"35.172932, -84.878553",24489
"35.21122, -84.856681",10958
"35.21569, -84.882452",15743
"35.21334, -84.86871",20907
"35.207822, -84.852021",28627
"35.212901, -84.878915",14216
"35.141704, -84.795015",20779
"36.390214, -84.099514",14796
"36.339007, -84.17103",30525
"36.583763, -84.106872",28331
"36.565637, -84.125123",27954
"36.402172, -84.263576",26894
"36.332428, -84.227157",34487
"36.359281, -84.143386",31194
"36.376027, -84.128669",25797
"36.33008, -84.191157",22075
"36.306427, -84.210907",19732
"36.382261, -84.120816",22180
"36.404089, -84.07168",12278
"36.384813, -84.11747",19189
"36.448746, -84.268169",26894
"35.825254, -86.085752",15529
"35.82715, -86.061455",11457
"35.827932, -86.079041",13429
"35.821426, -86.09308",13048
"35.807109, -86.131582",16185
"35.807543, -86.173012",13563
"35.82773, -86.071583",11536
"36.136727, -88.496881",10867
"36.366866, -82.184254",14156
"36.341273, -82.255183",24817
"36.291789, -82.176564",14525
"36.351784, -82.213854",22568
"36.350786, -82.220107",22748
"36.324593, -82.271375",29697
"36.356273, -82.223604",11444
"36.355159, -82.206605",22508
"36.350416, -82.208174",20594
"36.322594, -82.19991",17230
"36.351308, -82.229563",26466
"36.281313, -82.321588",22600
"36.328678, -82.269075",11491
"36.398551, -82.229506",10146
"36.313544, -82.311761",26322
"36.36909, -82.163292",10594
"36.400013, -87.028366",16008
"36.261224, -87.050612",15544
"35.451682, -88.662985",13965
"35.37464, -88.641742",11085
"35.431024, -88.644217",10898
"35.435935, -88.651603",12405
"35.420166, -88.639878",12471
"36.553235, -83.644174",16418
"36.446854, -83.583745",17049
"36.438589, -83.565437",10393
"36.435672, -83.611677",14193
"36.460724, -83.569689",21695
"36.482186, -83.585982",19140
"36.589615, -83.659411",22023
"36.45385, -83.568481",17663
"35.974533, -83.226597",14687
"35.970856, -83.208929",20153
"35.950676, -83.200858",23159
"35.957112, -83.208242",35299
"35.820923, -83.154778",28854
"35.807266, -83.138861",28006
"35.776863, -83.100371",27879
"35.967238, -83.192227",11584
"35.945414, -83.20612",19276
"35.968087, -83.190726",12379
"35.968797, -83.187335",14756
"35.965378, -83.193305",18343
"35.932493, -83.212862",10768
"35.980107, -83.274008",33473
"35.497462, -86.066259",13831
"35.447449, -86.097014",19479
"35.46354, -86.066551",19000
"35.376158, -86.175202",15307
"35.385601, -86.233003",22337
"35.313761, -85.916081",38581
"35.486652, -86.075699",14770
"35.454121, -86.042576",16441
"35.514619, -86.083948",10243
"35.48038, -86.085745",14407
"35.354548, -86.204952",13806
"35.364365, -86.213839",20811
"35.473158, -86.082938",21882
"35.474302, -86.07879",19707
"35.359464, -86.220436",10517
"35.358227, -86.202522",18234
"35.358524, -86.20857",19400
"35.364559, -86.233241",10168
"35.371182, -86.219957",19549
"35.486026, -86.090628",13496
"35.52278, -86.023162",11172
"35.383146, -86.233479",10733
"35.703764, -89.033918",15714
"35.720409, -89.059564",15896
"35.735343, -89.076561",15566
"35.82907, -89.177948",13690
"35.86509, -89.210168",10407
"35.769604, -89.121478",11670
"35.787207, -89.150627",10118
"35.960164, -85.051732",11322
"36.039373, -85.109179",37355
"35.991873, -85.028932",35627
"35.974053, -85.000652",38830
"35.921461, -84.910017",29196
"35.899948, -84.79351",34786
"35.95212, -85.028803",15655
"35.951785, -85.033357",10571
"35.96614, -84.979663",15069
"35.960991, -85.039339",13603
"35.897887, -84.718528",34511
"35.974728, -85.038239",21880
"35.91343, -85.055959",12822
"35.992558, -84.940806",13276
"35.911407, -84.991595",10343
"35.945019, -85.036417",13020
"35.959228, -85.041255",17831
"35.958487, -85.033391",21149
"35.959638, -84.984599",12250
"36.009459, -85.044443",13353
"35.941492, -85.033056",12001
"35.943175, -85.034523",13509
"35.954985, -85.030724",15881
"36.065391, -85.187658",36514
"35.933923, -85.036599",15435
"36.387809, -86.757874",20589
"36.358267, -86.725259",21275
"36.339774, -86.87153",11550
"36.279299, -86.784654",12411
"36.274641, -86.752865",20705
"36.267167, -86.745274",18695
"36.303585, -86.702133",28976
"36.299444, -86.696975",35512
"36.266865, -86.669558",29554
"36.260717, -86.712749",29106
"36.255855, -86.710123",13290
"36.248097, -86.721734",12641
"36.241498, -86.723329",35100
"36.207371, -86.936705",14703
"36.206678, -86.840062",17981
"36.201186, -86.822385",19653
"36.206106, -86.77162",28354
"36.201118, -86.769632",15725
"36.204482, -86.747642",18275
"36.208396, -86.734917",26456
"36.167488, -86.776154",13651
"36.230757, -86.609428",13398
"36.216472, -86.584253",30595
"36.211315, -86.622961",24818
"36.185207, -86.773624",18466
"36.179107, -86.795293",19307
"36.190223, -86.825381",39933
"36.150945, -86.854508",26115
"36.146794, -86.857995",31237
"36.113886, -86.92298",14817
"36.122862, -86.845687",12588
"36.130052, -86.83842",34559
"36.13981, -86.824022",13092
"36.151517, -86.79904",32530
"36.151527, -86.795928",15624
"36.155386, -86.784441",14043
"36.157625, -86.785075",26755
"36.169226, -86.788782",16999
"36.176024, -86.780437",33093
"36.168537, -86.776514",28525
"36.153422, -86.748924",13757
"36.150632, -86.742938",14368
"36.168898, -86.667901",33482
"36.173914, -86.647599",34802
"36.162966, -86.648473",14263
"36.162911, -86.663964",16242
"36.151506, -86.674589",15917
"36.146776, -86.756307",18454
"36.138305, -86.760854",10931
"36.129518, -86.778174",22345
"36.13266, -86.757657",27363
"36.125936, -86.712493",11174
"36.108186, -86.677812",33006
"36.108561, -86.744018",38138
"36.110827, -86.743518",37723
"36.112516, -86.746061",29622
"36.111181, -86.74918",29679
"36.112227, -86.769271",23752
"36.111171, -86.773318",21765
"36.124945, -86.805859",33444
"36.103982, -86.815431",24741
"36.091449, -86.831456",11352
"36.101124, -86.870706",33492
"36.097641, -86.875021",16491
"36.091053, -86.878519",12974
"36.050109, -86.873327",18287
"36.052282, -86.858665",12179
"36.045076, -86.851857",16406
"36.045555, -86.864207",14761
"36.045147, -86.780569",14713
"36.08125, -86.772569",16571
"36.059392, -86.741306",20747
"36.05042, -86.713903",37437
"36.045672, -86.709671",37690
"36.039043, -86.7129",27557
"36.085902, -86.648119",33965
"36.327521, -86.699465",23510
"36.193085, -86.744159",27201
"36.173322, -86.764053",27057
"36.173596, -86.774033",11284
"36.159011, -86.772403",12164
"36.152957, -86.774592",13327
"36.151237, -86.779187",21200
"36.156179, -86.780349",19512
"36.159627, -86.780429",13979
"36.161066, -86.783482",15241
"36.140858, -86.800284",22008
"36.05762, -86.641758",25550
"36.262228, -86.676779",29992
"36.168161, -86.78597",19433
"36.166463, -86.787254",27602
"36.160027, -86.787327",22618
"36.091834, -86.735413",31310
"36.229134, -86.593437",11740
"36.122674, -86.85074",31575
"36.181746, -86.811806",11945
"36.18013, -86.807771",10010
"36.120868, -86.917027",13609
"36.073757, -86.930188",23222
"36.087171, -86.893056",18672
"36.162477, -86.789675",25616
"36.134119, -86.889513",21741
"36.086335, -86.770279",27216
"36.078542, -86.729343",32981
"36.206915, -86.781974",20330
"36.213849, -86.779219",15560
"36.264255, -86.733659",32020
"36.227961, -86.759552",16980
"36.106114, -86.772834",18035
"36.263656, -86.70338",19915
"36.337983, -86.717535",20714
"36.30943, -86.672609",25852
"35.989687, -86.682073",16688
"36.034924, -86.787813",28459
"36.039701, -86.816433",11954
"36.012724, -87.045171",11647
"36.09517, -87.036148",10498
"36.221768, -86.970561",14140
"36.387405, -86.897982",11010
"36.304212, -86.719388",13327
"36.293786, -86.701909",18280
"36.248444, -86.756901",23454
"36.080934, -86.715958",38938
"36.086757, -86.69475",37708
"36.181853, -86.749205",26866
"36.168924, -86.758834",19716
"36.156819, -86.618275",13686
"36.229233, -86.780869",38385
"36.017527, -86.619765",20469
"36.109147, -86.726446",37234
"36.143378, -86.666639",39223
"36.14558, -86.744042",22913
"36.069659, -86.694772",16663
"36.160294, -86.794606",39129
"36.15719, -86.793107",26692
"36.152957, -86.789939",20933
"36.045991, -86.601214",10425
"36.084284, -86.56528",11652
"36.267777, -86.690064",19078
"36.288584, -86.693318",29784
"36.191738, -86.817822",19815
"36.154499, -86.626133",26442
"36.09888, -86.924748",25734
"36.144339, -86.626375",22310
"36.090571, -86.81612",12980
"36.087694, -86.781188",13490
"36.153098, -86.822097",25558
"36.208797, -86.603656",14939
"36.134241, -86.778095",37298
"36.133373, -86.769784",14240
"36.187387, -86.822111",17646
"36.161369, -86.849066",10045
"36.077068, -86.634762",12886
"36.220659, -86.597575",12391
"36.074491, -86.731296",14106
"36.139753, -86.735152",22350
"36.205463, -86.76242",16075
"36.24625, -86.735699",20516
"36.184352, -86.754766",12558
"36.162412, -86.803156",12625
"36.157556, -86.786455",13879
"36.137321, -86.788227",16935
"36.135947, -86.791443",25556
"36.112885, -86.798",16366
"36.039077, -86.735158",38515
"36.08913, -86.830134",15421
"36.164446, -86.785095",11730
"36.150793, -86.784367",13330
"36.15765, -86.791353",16679
"36.159254, -86.818687",15067
"36.185129, -86.816318",12897
"36.168276, -86.815546",12689
"36.194926, -86.619145",28128
"36.087997, -86.69094",36619
"36.153975, -86.735592",20697
"36.040168, -86.962121",15834
"36.110167, -86.781465",18204
"36.20072, -86.618203",30516
"36.096519, -86.638672",12438
"36.2508, -86.689709",10676
"36.11431, -86.814589",11238
"36.140353, -86.746451",11383
"36.143985, -86.721371",14079
"36.073923, -86.682198",16233
"36.046699, -86.656896",37399
"36.102495, -86.759933",21617
"36.137407, -86.671189",21129
"36.061346, -86.624741",29796
"36.129018, -86.714126",28491
"36.14887, -86.864272",22517
"36.10199, -86.763821",10881
"36.099748, -86.676615",22648
"36.036499, -86.743488",17971
"36.061607, -86.907207",23297
"36.143693, -86.732842",11986
"36.124026, -86.665386",34760
"36.305189, -86.693426",22670
"36.321125, -86.701891",19070
"36.065977, -86.917148",15824
"36.078778, -86.951995",27140
"36.091772, -86.625097",19096
"36.172396, -86.765075",19036
"36.193152, -86.749569",15607
"36.078691, -86.758658",17894
"36.082214, -86.7582",15584
"36.083906, -86.761657",12935
"36.056609, -86.672428",11500
"36.042881, -86.649945",25452
"36.069839, -86.686129",28864
"36.113011, -86.836963",10323
"36.116128, -86.798376",11027
"36.230907, -86.750037",11174
"36.217626, -86.744677",14387
"36.17313, -86.606111",31221
"36.322577, -86.710319",19464
"36.228303, -86.857119",38267
"35.994945, -86.692034",13881
"36.104315, -86.756064",10471
"36.07265, -86.733719",20373
"36.065093, -86.624588",11322
"36.045039, -86.649026",21843
"36.068697, -86.677145",12530
"36.032902, -86.77228",17532
"36.106538, -86.820913",14813
"36.062094, -86.67652",11355
"36.078928, -86.72134",10572
"36.16045, -86.769615",29104
"36.135853, -86.760256",18810
"36.159277, -86.791345",10646
"36.17416, -86.604628",13549
"36.174101, -86.608728",11370
"36.07468, -86.946023",13627
"36.164022, -86.698975",23571
"36.14294, -86.815674",17842
"36.160095, -86.781405",18959
"36.332246, -86.716653",18674
"36.122403, -86.705665",23442
"35.819218, -88.158677",31586
"35.648161, -88.126206",10862
"35.960432, -85.839061",12054
"35.957402, -85.812445",14976
"35.955063, -85.811907",12736
"35.971533, -85.859471",10670
"35.957697, -85.819021",14282
"36.086475, -87.414081",12260
"36.078409, -87.356795",15885
"36.076413, -87.373476",13903
"36.086029, -87.389494",12703
"36.072212, -87.37465",10710
"36.009216, -87.386409",36908
"36.055055, -87.369284",22810
"36.026863, -87.343911",29018
"36.070198, -87.380452",26554
"36.074689, -87.376461",17976
"36.080304, -87.402605",10077
"36.061768, -87.377816",16250
"35.993063, -87.246734",11090
"36.0231, -87.225219",36110
"36.064787, -87.393446",12202
"35.997804, -87.323537",13387
"36.047426, -89.40623",16564
"36.060932, -89.395357",26327
"36.057336, -89.387846",17161
"36.054558, -89.373369",15858
"36.055298, -89.359646",12639
"36.019991, -89.404567",10977
"36.002433, -89.397525",13597
"35.947158, -89.307698",11004
"35.97765, -89.392747",11903
"36.037659, -89.411094",16194
"36.069333, -89.431202",11179
"36.083646, -89.542906",10659
"36.117331, -89.285303",13218
"36.098398, -89.602798",11240
"36.01874, -89.340852",11727
"36.058547, -89.339236",12551
"36.035348, -89.39264",10821
"36.067943, -89.344458",11797
"36.068586, -89.354342",14403
"35.241237, -89.368973",13798
"35.229201, -89.500504",19881
"35.229022, -89.529914",23805
"35.00148, -89.626136",15798
"35.359406, -89.495539",35530
"35.218972, -89.620677",23260
"35.255126, -86.121202",13817
"35.207123, -86.094163",22709
"35.197, -86.097889",14673
"35.294828, -86.149221",11789
"35.188631, -86.109258",15872
"35.89123, -88.748787",19706
"35.795235, -88.785494",16680
"35.975027, -88.929686",12224
"35.915519, -88.75345",19828
"35.917985, -88.755957",15083
"35.836803, -88.904966",15527
"35.8663, -88.922313",10567
"35.829268, -88.886966",11655
"35.816722, -88.891136",10930
"35.921577, -88.75959",11976
"35.811231, -88.77863",13692
"35.910124, -88.752769",23018
"35.202144, -87.054868",13681
"35.000228, -86.877506",21450
"35.208215, -87.062274",10094
"35.172472, -86.877878",23883
"35.210584, -86.879245",26829
"35.037824, -86.87902",22695
"35.203727, -87.029052",10982
"35.199016, -87.038915",15542
"35.196559, -87.041108",10818
"36.144076, -83.712961",10714
"36.344275, -83.326196",13120
"36.304127, -83.291842",17170
"36.33138, -83.282281",17248
"36.343474, -83.26995",12656
"36.222941, -83.034114",19678
"36.210502, -83.015235",15132
"36.182244, -82.746831",19927
"36.178977, -82.777024",33882
"36.140673, -82.849239",11932
"36.177204, -82.792247",26743
"36.173782, -82.836932",33266
"36.169245, -82.856112",19945
"36.158633, -82.850586",13934
"36.170718, -82.817826",12969
"36.169276, -82.813721",11124
"36.179858, -82.813028",30448
"36.172414, -82.853139",26555
"36.218448, -83.055786",35320
"36.246006, -82.977648",28805
"36.306451, -82.863822",29096
"36.404114, -82.635626",31195
"36.345627, -82.782559",30335
"36.185151, -82.767308",23703
"36.191439, -82.98725",17598
"36.172633, -82.899707",18120
"36.165313, -82.814846",11176
"36.228777, -82.666385",12950
"36.17235, -82.797716",16482
"36.168333, -82.809577",14762
"35.297221, -85.900507",38664
"36.232418, -83.245516",13676
"36.235127, -83.283805",16091
"36.206837, -83.318373",20546
"36.159862, -83.418352",24153
"36.193114, -83.270701",22746
"36.196306, -83.279312",12433
"36.226575, -83.265305",15438
"36.240305, -83.281534",10096
"36.219147, -83.295641",11806
"36.22296, -83.26001",29028
"36.205708, -83.305312",16361
"36.182284, -83.195302",36416
"36.153412, -83.241828",29410
"36.172263, -83.229205",10179
"36.141723, -83.278326",23911
"36.253054, -83.204959",11610
"36.185214, -83.272509",18792
"36.20781, -83.264934",23445
"36.225752, -83.258112",23073
"36.239657, -83.262975",25384
"36.260501, -83.283962",23577
"36.256435, -83.281216",15413
"36.202164, -83.315455",20345
"36.231497, -83.243779",21394
"36.174278, -83.388344",14060
"36.192377, -83.360267",25233
"36.1869, -83.258214",10110
"36.211321, -83.292299",18740
"36.210078, -83.289761",14950
"36.178128, -83.34427",13620
"36.239585, -83.232177",14180
"36.214405, -83.286782",15758
"36.187906, -83.307487",19578
"36.235286, -83.237388",15095
"36.176075, -83.397181",24833
"36.180735, -83.384464",23907
"36.200061, -83.339728",34654
"35.422055, -85.091041",14144
"35.161468, -85.090662",14734
"35.190201, -85.246054",12491
"35.179554, -85.170545",18799
"35.132955, -85.242751",30922
"35.127712, -85.246787",28213
"35.116114, -85.274063",17560
"35.125967, -85.308762",13871
"35.104286, -85.327153",13764
"35.081844, -85.318146",18330
"35.08498, -85.316914",19371
"35.10169, -85.275463",18192
"35.074919, -85.232455",13279
"35.069904, -85.192318",10712
"35.063791, -85.141374",17069
"35.068071, -85.093015",19283
"35.078079, -85.037956",11948
"35.062604, -85.066196",12060
"35.054476, -85.069532",10690
"35.000357, -85.102503",13488
"35.045866, -85.215945",19365
"35.028811, -85.188133",27694
"35.018925, -85.190085",14854
"34.987666, -85.190303",10480
"35.013332, -85.211705",29512
"35.029447, -85.257958",32327
"35.009365, -85.270954",17870
"35.040395, -85.286889",12719
"35.047491, -85.28985",17136
"35.054017, -85.285711",29191
"35.062511, -85.307312",17104
"35.060136, -85.308977",17554
"34.98708, -85.2882",23590
"35.013165, -85.325744",14074
"35.024435, -85.364906",12616
"35.047583, -85.3095",13353
"35.036308, -85.311911",13142
"35.040233, -85.30791",13446
"35.03477, -85.303652",12537
"35.01579, -85.323228",21383
"35.018489, -85.271955",16452
"34.995211, -85.23457",21412
"35.017892, -85.238727",20970
"35.042958, -85.300755",10896
"35.040919, -85.29143",10007
"35.037862, -85.29316",11489
"35.034215, -85.295137",12742
"35.04462, -85.298206",11597
"35.111698, -85.268899",23170
"35.034465, -85.262372",18700
"35.052195, -85.312549",22342
"35.052297, -85.307358",18296
"35.034084, -85.308381",15062
"35.074104, -85.193172",22225
"35.174409, -85.247191",28950
"35.095656, -85.23494",28680
"35.072372, -85.319097",14569
"35.149728, -85.108798",18007
"35.053755, -85.053005",18549
"35.125019, -85.285515",11658
"35.041981, -85.187653",13665
"35.024162, -85.318599",22822
"35.022068, -85.311317",11320
"35.000746, -85.13172",21022
"35.060794, -85.127233",10135
"35.033679, -85.180146",14746
"35.053648, -85.186428",24221
"35.031067, -85.293874",10173
"35.022751, -85.296368",13891
"35.095298, -85.32856",29268
"35.067982, -85.289493",13575
"35.032709, -85.312179",11758
"35.03039, -85.306178",13985
"35.034062, -85.269752",13585
"35.031541, -85.270984",12016
"35.038086, -85.143805",16469
"35.150595, -85.211076",20111
"35.052049, -85.300636",18625
"35.051692, -85.275445",15390
"35.098128, -85.171965",31255
"35.194576, -85.238456",39347
"35.215663, -85.21493",25819
"35.027626, -85.305144",10789
"35.029745, -85.297501",10805
"35.054451, -85.318628",12273
"35.08418, -85.319026",16311
"35.081732, -85.209075",19103
"34.999474, -85.217901",12303
"35.003862, -85.233166",11269
"35.118419, -85.316997",11141
"35.107841, -85.240231",14655
"35.079463, -85.187129",10281
"35.099265, -85.252388",28372
"35.114364, -85.250015",15311
"35.119025, -85.242978",10362
"35.052191, -85.257823",11914
"35.115523, -85.354797",13523
"35.058323, -85.137674",11994
"35.057587, -85.273909",17409
"35.049041, -85.306461",14746
"35.012556, -85.252759",10908
"35.018342, -85.181149",13349
"35.049025, -85.248841",13358
"35.266182, -85.162003",25417
"35.075477, -85.267348",34112
"35.033351, -85.285944",12118
"35.038288, -85.264148",10668
"35.018704, -85.375738",12628
"35.18787, -85.054522",10615
"35.323035, -85.135443",16312
"35.005843, -85.278908",11082
"35.289124, -85.151888",26455
"35.063787, -85.30872",12508
"35.062716, -85.31243",14880
"35.18056, -85.265401",26518
"35.044572, -85.289468",10649
"35.042392, -85.276069",14694
"35.014993, -85.281291",11225
"35.015318, -85.293401",29857
"35.183549, -85.246541",37117
"35.170987, -85.207466",14993
"35.149195, -85.219246",30029
"35.151731, -85.320111",12246
"35.124745, -85.302863",15218
"35.090946, -85.323873",30079
"35.113189, -85.254348",22212
"35.111455, -85.137795",23700
"35.043674, -85.159149",24188
"35.054784, -85.195664",18872
"35.039883, -85.218366",11250
"35.04355, -85.227247",14292
"35.040864, -85.225028",10117
"35.02101, -85.223881",14044
"35.006969, -85.153456",26340
"35.01112, -85.22363",23330
"34.98944, -85.207824",25352
"35.086416, -85.290598",17251
"35.120707, -85.291922",21696
"35.08734, -85.260801",37498
"35.055367, -85.306909",12811
"35.104801, -85.298712",14224
"35.144674, -85.291644",22850
"35.073509, -85.072915",11343
"35.099306, -85.055764",11548
"35.060415, -85.1336",24382
"35.035252, -85.152759",23269
"35.010962, -85.229361",14758
"35.138734, -85.245841",10523
"35.04578, -85.311978",15134
"35.030441, -85.308977",16177
"35.03962, -85.130958",12583
"35.053858, -85.127551",15276
"35.052236, -85.310167",20012
"35.085382, -85.065995",34441
"35.074573, -85.155532",10546
"35.010898, -85.242328",12601
"35.027163, -85.266535",15920
"35.265915, -89.011869",11631
"35.256236, -88.990958",10620
"35.256363, -88.996902",13216
"35.256519, -89.001831",11009
"35.226755, -88.296605",12535
"35.225012, -88.266771",12572
"35.226576, -88.217999",12632
"35.224172, -88.243044",11693
"35.225264, -88.243045",14954
"35.226329, -88.241424",15641
"36.517841, -82.7154",18741
"36.519851, -82.724613",17963
"36.394561, -83.029111",13447
"36.393716, -83.011111",12747
"36.55171, -82.628486",34614
"36.425112, -82.985383",13555
"36.405769, -83.017188",13410
"36.398182, -83.018166",15421
"36.373026, -83.013215",11519
"36.486489, -82.841503",11422
"36.46626, -82.914937",11894
"36.440478, -82.966454",12906
"36.512634, -82.769217",16492
"35.573816, -89.131622",31226
"35.422733, -89.362267",34591
"35.587718, -89.084352",34444
"35.593747, -89.257487",10107
"35.457766, -89.306757",34513
"35.668376, -88.384384",11391
"35.657363, -88.411176",18467
"35.634211, -88.404164",12431
"35.662914, -88.430969",11258
"35.760909, -88.485756",35076
"35.800052, -88.349777",35561
"35.695694, -88.547335",10050
"35.64501, -88.38719",12037
"35.652284, -88.391521",12697
"35.650512, -88.393146",15501
"36.350707, -88.228752",10047
"36.286984, -88.311031",20323
"36.283006, -88.300481",10899
"36.307082, -88.299342",15666
"36.261637, -88.34124",10041
"36.298063, -88.310802",12080
"36.297738, -88.325237",11405
"36.29297, -88.321002",13592
"36.288675, -88.321191",10240
"36.313389, -88.289089",14934
"35.932717, -87.295726",12836
"35.982044, -87.499024",36493
"35.884597, -87.667974",35936
"35.950453, -87.303205",12210
"35.8811, -87.842846",33459
"35.878766, -87.751704",34707
"35.865481, -87.93454",33317
"36.132588, -83.459464",21036
"36.110798, -83.488136",14372
"36.11219, -83.50497",18977
"36.106571, -83.529244",18537
"36.098061, -83.563072",13160
"36.115567, -83.285677",11503
"36.060055, -83.475092",12960
"36.022573, -83.427207",11021
"36.127023, -83.314675",39246
"36.059524, -83.374895",29677
"36.115355, -83.491695",18520
"36.117821, -83.482984",26058
"36.050887, -83.462998",16993
"36.016693, -83.421293",13688
"36.150005, -83.433718",22017
"36.465113, -81.801817",10773
"36.085643, -83.918897",11976
"36.091569, -83.920145",17116
"36.08228, -83.929403",12765
"36.080856, -83.940873",19370
"36.073708, -83.927653",33914
"36.041002, -83.874601",11840
"36.047354, -84.002804",24091
"36.038675, -84.013256",19488
"36.0153, -84.061908",10161
"36.010361, -84.03264",26147
"36.01238, -83.924123",20250
"36.02903, -83.920488",16580
"36.015819, -83.863401",21224
"36.024671, -83.7433",23115
"36.030238, -83.730303",19099
"35.995834, -83.949711",10867
"35.999653, -83.965466",27993
"35.998766, -84.018749",10340
"35.99511, -84.034869",15928
"35.988112, -84.051834",16896
"35.946212, -84.161441",18120
"35.945737, -84.130768",14076
"35.951269, -84.118973",16950
"35.972457, -83.985916",21960
"35.957274, -83.918603",34281
"35.895643, -83.811313",30017
"35.929539, -83.899439",28908
"35.919883, -83.996538",16358
"35.901819, -84.02293",16409
"35.930296, -84.030678",23320
"35.940881, -84.035783",21228
"35.923815, -84.093669",26393
"35.910649, -84.09221",25708
"35.857055, -84.077549",11506
"35.90416, -84.142437",36407
"35.890279, -84.147107",25389
"35.87931, -84.149749",10528
"35.995196, -83.921775",26592
"35.974706, -83.972179",15968
"35.982036, -83.899838",12287
"35.997387, -83.881163",12859
"35.965813, -83.933915",20616
"35.964369, -83.929703",16063
"35.962703, -83.92203",36013
"35.958808, -83.925962",13856
"35.952852, -83.942019",37181
"35.950869, -83.952877",25395
"35.941271, -83.983844",18141
"35.950482, -83.946634",16058
"35.954869, -83.922577",16209
"36.16874, -83.906259",13322
"35.951741, -83.807679",11736
"35.986345, -83.919372",17308
"36.131991, -83.717644",10876
"36.060808, -83.685503",17115
"35.87325, -84.23478",11149
"35.991626, -84.06577",13847
"35.931751, -84.002076",21452
"35.962254, -83.970136",14205
"35.971388, -83.916315",38404
"35.985818, -83.826744",12800
"35.936607, -83.940404",12999
"36.070705, -83.883145",15027
"35.916114, -84.15039",17532
"35.884875, -84.064847",12863
"35.874676, -84.046045",13676
"35.885596, -83.948398",21408
"35.892129, -83.902728",16521
"36.008559, -83.975459",23340
"36.047259, -83.808526",17095
"35.892016, -84.172537",20965
"35.846172, -84.159371",13577
"35.983585, -83.933069",14846
"35.959227, -83.948252",11750
"35.989816, -83.954107",11333
"35.993501, -83.94898",14897
"36.056924, -83.985424",29331
"35.947285, -84.013204",21049
"35.956698, -84.00112",27906
"35.937331, -84.002987",29191
"35.988837, -83.896071",15618
"35.966288, -83.982353",22301
"35.913404, -84.087388",21059
"35.9654, -83.941889",15689
"35.937111, -84.037511",12196
"36.0283, -83.948727",11265
"36.004192, -83.874623",10214
"35.959354, -83.933999",11863
"35.961986, -83.897324",20679
"35.860636, -84.13428",13682
"35.866238, -84.197164",23637
"35.979301, -84.171698",10957
"36.071764, -83.773202",13249
"35.94131, -84.040881",20492
"35.909815, -84.080119",16561
"35.936799, -83.982768",11819
"35.969706, -83.915154",10510
"35.986792, -83.993106",10504
"36.012315, -83.969413",19003
"35.993369, -83.92203",10703
"36.033666, -83.887562",20566
"36.033471, -83.869654",20914
"36.014886, -83.83038",35762
"35.965761, -83.921907",11485
"36.021105, -84.00383",26487
"35.9562, -83.933289",16020
"35.943868, -83.94011",17710
"35.965224, -83.924883",16096
"35.965185, -83.925249",13471
"35.922213, -84.065224",12023
"35.919924, -84.059033",10726
"35.925336, -84.034213",14297
"35.92882, -84.036358",13024
"35.937221, -84.009915",16286
"35.893113, -84.176206",16634
"36.012248, -84.016665",25115
"35.878284, -84.156613",11705
"35.865934, -84.143744",10070
"36.053378, -83.875798",11545
"36.043002, -83.991551",10343
"36.056855, -83.971305",10804
"36.084242, -83.932663",14250
"35.923815, -84.058974",19798
"35.898455, -84.167068",22777
"35.906127, -84.134337",14756
"35.977844, -83.916642",13915
"35.885325, -83.891805",18051
"35.925101, -84.072301",10228
"35.923086, -84.050895",10448
"35.924306, -84.061145",27847
"35.919967, -84.090332",10548
"36.021788, -83.924503",17144
"35.926, -84.041919",16544
"36.056815, -83.924118",33769
"35.757878, -89.548765",19547
"35.704299, -89.569728",12301
"35.67072, -89.588011",10942
"35.743682, -89.554792",13415
"35.42057, -87.282133",10647
"35.316245, -87.297199",13540
"35.242685, -87.352721",10641
"35.273317, -87.318817",21055
"35.226139, -87.335475",16080
"35.088427, -87.427347",10072
"35.24309, -87.338334",10547
"35.247512, -87.327449",21189
"35.16819, -87.346447",13052
"35.283105, -87.31432",16003
"35.205075, -87.339491",13292
"35.257001, -87.326723",18737
"35.547717, -87.550454",10583
"35.139616, -86.567677",30849
"35.108948, -86.566307",17483
"34.991387, -86.571556",12491
"34.99192, -86.83381",10060
"35.160906, -86.554322",13519
"35.143967, -86.567976",14940
"35.067453, -86.572454",14397
"35.157571, -86.554711",14189
"35.140611, -86.57253",10968
"35.838478, -84.295083",11486
"35.860918, -84.224334",18245
"35.853498, -84.225234",11026
"35.645496, -84.142132",15076
"35.792779, -84.243359",19565
"35.825949, -84.275541",29009
"35.832049, -84.285066",16184
"35.743397, -84.328314",12218
"35.807371, -84.262545",25238
"35.795495, -84.258987",14132
"35.755862, -84.319056",12689
"35.750011, -84.215566",12531
"35.729896, -84.383248",13112
"35.718658, -84.359318",12641
"35.736563, -84.179884",13696
"35.783453, -84.250195",10131
"35.479149, -84.593615",13532
"35.459383, -84.636237",20090
"35.404878, -84.578723",10983
"35.333322, -84.520305",12700
"35.435384, -84.588475",21968
"35.456896, -84.617067",15568
"35.449052, -84.615848",22896
"35.448917, -84.598959",17527
"35.448386, -84.594642",11732
"35.438228, -84.676792",38866
"35.488609, -84.625579",39376
"35.530587, -84.583771",39878
"35.5732, -84.539924",39241
"35.443401, -84.590506",10353
"35.442018, -84.590512",13607
"35.477195, -84.588875",10665
"35.441058, -84.610554",14585
"35.469099, -84.654581",10957
"35.15091, -88.576157",16916
"35.092718, -88.552259",13058
"35.168534, -88.590206",13021
"35.159347, -88.576876",10496
"35.161058, -88.582045",11003
"35.180496, -88.614955",10663
"35.200653, -88.616043",10019
"35.066405, -88.541507",11219
"36.526529, -86.044442",13671
"36.520537, -86.036426",15466
"36.517519, -86.028716",11727
"36.52892, -86.055558",12209
"36.517772, -86.022608",12358
"35.768911, -88.832287",15587
"35.758095, -88.844264",31220
"35.61848, -88.858636",10830
"35.636269, -88.847468",15180
"35.642707, -88.828473",25860
"35.707517, -88.629343",11480
"35.597315, -88.813887",34930
"35.560026, -88.81314",28977
"35.542511, -88.797074",19339
"35.484156, -88.710717",16578
"35.494848, -88.726925",17510
"35.615926, -88.819107",12980
"35.633123, -88.818609",18956
"35.668322, -88.916626",14967
"35.606302, -88.816083",26709
"35.636778, -88.936144",35535
"35.722721, -88.618927",35379
"35.622061, -88.841509",26100
"35.672971, -88.830067",32789
"35.651832, -88.868495",18854
"35.613708, -88.840617",18810
"35.666424, -88.854691",33220
"35.725995, -88.85164",25026
"35.719336, -88.839783",12830
"35.669906, -88.829605",35440
"35.617729, -88.844688",12907
"35.612401, -88.822684",22107
"35.629675, -88.960471",35117
"35.667211, -88.830932",14611
"35.689791, -88.865346",14869
"35.649098, -88.808967",13831
"35.651284, -88.833807",12289
"35.667458, -88.819216",10851
"35.629889, -88.786355",13750
"35.616734, -88.797443",11651
"35.648564, -88.789408",13637
"35.612214, -88.808554",17198
"35.659214, -88.878658",24328
"35.692557, -88.829888",23407
"35.677361, -88.745964",10227
"35.660373, -88.852509",10651
"35.641676, -88.78811",14211
"35.665015, -88.781426",17986
"35.612609, -88.817821",14530
"35.652305, -88.828841",19500
"35.669053, -88.849551",13413
"35.696491, -88.869214",11603
"35.697956, -88.855207",28751
"35.649854, -88.85165",33436
"35.6647, -88.828858",27239
"35.689527, -88.84612",14365
"35.703239, -88.830719",16690
"35.072543, -85.632772",10829
"35.043537, -85.683876",10400
"35.035505, -85.692761",21308
"35.042335, -85.696794",33986
"35.23429, -85.835208",37888
"34.987117, -85.718877",12670
"35.04216, -85.688484",17097
"35.450756, -86.803843",11688
"35.470485, -86.795351",12570
"35.478473, -86.806498",10981
"35.456384, -86.779102",16211
"35.432492, -86.880097",26521
"35.321894, -86.881695",27210
"35.447753, -86.775552",14575
"35.464062, -86.778139",10473
"35.46177, -86.781657",12514
"35.462898, -86.784803",17362
"35.742713, -86.94096",25622
"35.755156, -86.926178",16546
"35.632793, -86.823734",10153
"35.613202, -87.056546",11491
"35.586281, -87.041498",12159
"35.636175, -87.003413",16449
"35.63131, -87.022636",26893
"35.444132, -87.277149",13836
"35.612648, -86.900341",29710
"35.508619, -86.894663",27567
"35.598258, -87.059529",29337
"35.589935, -87.045821",26225
"35.588614, -87.035508",18763
"35.615604, -87.041265",15090
"35.598199, -87.076104",21170
"35.609739, -87.034756",19602
"35.616905, -87.035239",25241
"35.613523, -87.067081",19254
"35.722582, -86.924379",11844
"35.69948, -86.982656",36823
"35.492529, -87.235074",14279
"35.591666, -87.040339",18138
"35.55481, -87.199441",14706
"35.524639, -87.222333",13863
"35.621679, -87.034192",26560
"35.61862, -87.073658",11555
"35.590227, -87.096747",14095
"35.636124, -86.964721",14859
"35.514092, -87.223162",14035
"35.628215, -87.065832",12685
"35.621823, -87.117149",17932
"35.613953, -87.120246",15229
"35.732014, -86.915907",29970
"35.568327, -87.166347",14745
"35.630498, -87.058593",24376
"35.636759, -87.022121",19450
"35.736024, -86.886185",39938
"35.733433, -86.940576",23164
"35.621849, -87.067238",16501
"35.581555, -87.114758",10702
"35.732991, -86.894231",14153
"35.626637, -87.076281",22061
"35.573283, -84.464194",10623
"35.514977, -84.413969",10767
"35.532418, -84.339778",15962
"35.589512, -84.473749",15057
"35.520205, -84.35499",17546
"35.510807, -84.366406",17321
"35.498388, -84.364923",12091
"35.513775, -84.374566",11106
"35.510384, -84.372308",10937
"35.597475, -84.50301",13688
"35.585842, -84.273719",13670
"35.57363, -84.279246",14069
"35.473634, -84.368621",10158
"35.595734, -84.226081",14977
"36.626687, -87.330169",27289
"36.63267, -87.420678",24350
"36.550562, -87.407724",17198
"36.550502, -87.384208",38404
"36.557757, -87.38129",12238
"36.549694, -87.330208",35285
"36.575569, -87.315055",10515
"36.524403, -87.226335",22830
"36.512603, -87.289899",20830
"36.522405, -87.288484",13932
"36.515645, -87.321135",19904
"36.506768, -87.36839",30915
"36.453075, -87.374644",14100
"36.504081, -87.353856",20358
"36.51563, -87.365353",32380
"36.535181, -87.367079",30530
"36.541509, -87.345175",16896
"36.503949, -87.279723",18401
"36.500687, -87.23939",11299
"36.513499, -87.27895",12837
"36.639488, -87.436231",31678
"36.534534, -87.342273",20757
"36.532576, -87.360358",13653
"36.526737, -87.349497",13863
"36.483645, -87.373637",21179
"36.568598, -87.40452",31225
"36.600809, -87.422327",39109
"36.507587, -87.268647",19545
"36.608499, -87.319353",17664
"36.595157, -87.287523",38767
"36.542057, -87.36127",15050
"36.540977, -87.288325",20703
"36.63595, -87.332067",39965
"36.515122, -87.265842",23378
"36.59984, -87.381171",19677
"36.531156, -87.354751",20510
"36.526951, -87.352347",12314
"36.551335, -87.320368",11686
"36.559941, -87.278049",11911
"36.556621, -87.288642",14817
"36.501362, -87.30666",19670
"36.62935, -87.37653",28626
"36.57191, -87.296737",25151
"36.53106, -87.353642",12297
"36.573469, -87.309297",27366
"36.587269, -87.40336",37605
"36.580976, -87.354175",36612
"36.58117, -87.4242",19422
"36.582339, -87.440458",13824
"36.575743, -87.445667",11170
"36.551952, -87.488317",11262
"36.048443, -84.356641",10050
"36.415447, -89.06569",20429
"36.412768, -89.034504",11395
"36.332294, -89.165308",10879
"36.340547, -89.155387",14217
"36.409231, -89.081352",14400
"36.413521, -89.044606",16274
"36.414873, -89.062005",22144
"36.422193, -89.067971",13410
"36.433019, -89.067177",11726
"36.383021, -89.109451",14199
"36.234407, -89.215107",11074
"36.415538, -89.070797",28098
"36.39064, -85.333466",12462
"36.376914, -85.336975",23369
"36.34795, -85.345778",14130
"36.258339, -85.392435",15663
"36.380113, -85.33071",12341
"36.370609, -85.340904",19248
"35.128425, -84.723205",19645
"35.136069, -84.712197",10344
"36.176024, -85.482418",16714
"36.155413, -85.482073",12788
"36.151105, -85.50069",19220
"36.145959, -85.511098",10138
"36.144207, -85.523669",23726
"36.136793, -85.565311",38904
"36.13629, -85.640502",36753
"36.098923, -85.709507",36054
"36.10821, -85.768797",32708
"36.139695, -85.433745",31383
"36.16203, -85.503592",11158
"36.158864, -85.500433",13618
"36.174438, -85.497032",15595
"36.18208, -85.459892",13880
"36.13162, -85.504339",14120
"36.140156, -85.27313",28541
"36.134736, -85.472547",32502
"36.141557, -85.477878",21313
"36.128839, -85.481026",18087
"36.16328, -85.51277",22610
"36.178392, -85.510746",15720
"36.17952, -85.510024",14085
"36.142255, -85.501106",22436
"36.169724, -85.462209",25311
"36.17779, -85.46631",16919
"36.194029, -85.461283",22578
"36.206379, -85.45046",18678
"36.153891, -85.505097",11952
"36.133529, -85.530411",14790
"36.180201, -85.51503",11134
"36.138434, -85.522713",14807
"36.126083, -85.539957",10626
"36.178427, -85.499936",10149
"36.215654, -85.418341",16689
"36.137932, -85.497882",15679
"36.171485, -85.543817",10197
"36.164988, -85.528081",10682
"36.154899, -85.516871",15881
"36.178996, -85.496908",12831
"36.162868, -85.499167",12442
"36.14052, -85.601357",36999
"36.090772, -85.505567",19880
"35.511235, -84.998594",20491
"35.4823, -85.022472",19343
"35.489167, -85.012004",22113
"35.498059, -85.00618",15430
"35.472113, -85.033139",21655
"35.592455, -84.929295",11359
"35.46702, -85.038712",16746
"35.528235, -84.985189",16407
"35.877888, -84.523686",14262
"35.869799, -84.513122",11181
"35.880265, -84.562955",13261
"35.898035, -84.605915",16674
"35.878179, -84.669395",12807
"35.916708, -84.575871",12297
"35.937361, -84.547412",12082
"35.958236, -84.362109",11486
"35.940689, -84.366788",12641
"35.879025, -84.432544",10290
"35.90924, -84.579473",39648
"35.898567, -84.545878",10174
"35.877782, -84.511131",12998
"35.870991, -84.679974",14245
"35.862653, -84.690621",10225
"35.915381, -84.562732",11785
"35.927467, -84.557917",15601
"35.867037, -84.685016",12689
"35.89372, -84.545359",12370
"35.907382, -84.615301",33836
"36.590442, -86.595345",11265
"36.512195, -86.881897",14301
"36.469615, -86.67227",18695
"36.509184, -86.865895",10410
"36.492712, -86.874937",21907
"36.405243, -86.782377",18305
"36.531075, -86.883293",10577
"36.502584, -86.881474",29978
"36.508739, -86.879219",10191
"36.450074, -86.820366",14788
"36.485848, -86.884199",14102
"36.478414, -86.855882",16082
"36.501524, -86.882802",12273
"36.469345, -86.697623",10561
"36.502102, -86.892315",11896
"36.434054, -86.898996",10810
"36.448749, -86.898524",13471
"36.396215, -86.766639",20622
"36.468478, -86.660459",10249
"36.025017, -86.586872",31674
"36.011454, -86.594219",31197
"36.016273, -86.561277",27199
"36.00916, -86.56925",10773
"35.977204, -86.555641",13275
"35.95556, -86.521687",10135
"35.963487, -86.502361",20143
"35.991195, -86.493275",23273
"36.014656, -86.494308",10453
"35.995872, -86.491061",16591
"35.932374, -86.379372",16134
"35.909492, -86.37342",11335
"35.9232, -86.302474",11075
"35.859401, -86.368401",13316
"35.83689, -86.36695",19040
"35.81974, -86.395426",33985
"35.786621, -86.413642",13650
"35.865182, -86.388855",33043
"35.827169, -86.387803",21356
"35.829125, -86.406679",23323
"35.848509, -86.371421",12716
"35.841717, -86.372598",14093
"35.860711, -86.37748",25082
"35.854187, -86.395815",34875
"35.832453, -86.37595",20660
"35.837866, -86.385787",27782
"35.835338, -86.39302",21691
"35.843953, -86.394023",37256
"35.853342, -86.401852",28329
"35.927849, -86.534378",20031
"35.875679, -86.385157",28160
"35.996784, -86.523569",28090
"35.996287, -86.496022",28240
"35.987806, -86.523644",24188
"35.975436, -86.515121",10630
"35.840013, -86.40855",22617
"35.994083, -86.535516",30226
"35.990214, -86.597376",10690
"35.845302, -86.446236",27268
"35.884054, -86.422419",24184
"35.999492, -86.496712",13335
"35.906903, -86.413228",13612
"35.826534, -86.414949",32402
"35.806201, -86.399951",11133
"35.9657, -86.494944",22210
"35.846273, -86.414469",39452
"35.983093, -86.493314",23083
"35.97375, -86.496245",12461
"35.871817, -86.391272",19150
"35.867169, -86.385161",24781
"35.788091, -86.436781",10738
"35.872746, -86.411324",21079
"35.957535, -86.503352",23373
"35.955875, -86.516624",13745
"35.949094, -86.520527",23707
"35.999853, -86.452148",14604
"35.998275, -86.504173",22900
"35.761005, -86.403347",35478
"35.903642, -86.383645",25807
"35.787114, -86.353661",10667
"35.867365, -86.412817",27796
"35.7827, -86.401037",38782
"35.843935, -86.477021",16933
"35.813246, -86.364004",27748
"35.815445, -86.382745",20352
"35.848086, -86.430359",22306
"35.855813, -86.370259",26955
"35.861834, -86.391679",10116
"35.855658, -86.399919",16926
"36.01121, -86.543909",13133
"35.860096, -86.352628",22206
"35.844923, -86.352437",25824
"35.831272, -86.350169",25543
"35.810265, -86.209909",14453
"35.816018, -86.371999",10711
"35.83766, -86.356615",15144
"35.82807, -86.298743",16319
"35.839804, -86.440825",15047
"36.020723, -86.427832",38199
"35.963468, -86.447594",32312
"35.912583, -86.441303",35005
"35.888781, -86.375644",15740
"35.854782, -86.368783",18676
"35.837092, -86.379916",17307
"35.843491, -86.414833",11732
"35.863377, -86.531085",37130
"35.93748, -86.479574",31984
"35.867143, -86.455156",38334
"35.857678, -86.43503",26902
"35.848214, -86.470466",11613
"35.972871, -86.486932",18342
"35.874135, -86.353343",15068
"35.864614, -86.50967",13459
"35.81203, -86.45236",16645
"35.777984, -86.380098",10272
"35.911565, -86.395198",15261
"35.912557, -86.405245",14356
"35.705191, -86.418609",23618
"36.520616, -84.501308",11003
"36.482659, -84.535801",14068
"36.413328, -84.537838",12680
"36.50026, -84.515901",13803
"36.50712, -84.513737",18610
"35.35819, -85.397963",10348
"35.387945, -85.378252",15890
"35.362675, -85.394506",14359
"35.393188, -85.3673",10827
"35.381868, -85.330444",11058
"35.873784, -83.751671",11760
"35.882331, -83.78612",23099
"35.866702, -83.764322",10607
"35.865525, -83.748777",18200
"35.874572, -83.584287",16297
"35.858345, -83.54352",22075
"35.84869, -83.495216",11658
"35.79311, -83.54486",26610
"35.803095, -83.582703",29153
"35.774965, -83.621214",12138
"35.721257, -83.497748",16994
"35.866719, -83.556122",39710
"35.867159, -83.563437",13071
"35.868695, -83.564626",20676
"35.727952, -83.460486",12878
"35.973663, -83.603401",36107
"35.885654, -83.451995",13512
"35.875902, -83.485943",16064
"35.863725, -83.523733",29537
"35.865847, -83.567462",27891
"35.850686, -83.690991",15717
"35.843993, -83.540065",21903
"35.726658, -83.511388",32297
"35.82014, -83.538332",25320
"35.863804, -83.53978",33744
"35.864938, -83.507455",22547
"35.796662, -83.558363",18030
"35.809517, -83.574765",10336
"35.792096, -83.552084",17970
"35.685851, -83.535929",10923
"35.871309, -83.561931",31734
"35.360696, -89.891794",24432
"35.332768, -89.898318",20830
"35.33562, -89.916202",31825
"35.301119, -89.952937",19348
"35.290733, -89.840082",12335
"35.290021, -89.683878",13820
"35.222913, -89.792068",20126
"35.209944, -89.829908",16078
"35.20394, -89.81991",33707
"35.193416, -89.846643",20028
"35.204718, -89.842397",32344
"35.228524, -89.84375",10756
"35.233729, -90.00976",11415
"35.192961, -90.035121",12383
"35.179138, -90.008325",11330
"35.223136, -89.943285",16066
"35.215118, -89.925553",25744
"35.212199, -89.918018",38788
"35.207067, -89.901304",24900
"35.199227, -89.909726",26315
"35.20061, -89.923177",14225
"35.169188, -89.865438",34167
"35.210138, -89.661263",20850
"35.146852, -89.888226",18275
"35.148867, -89.917347",28587
"35.075385, -90.057825",34556
"35.061839, -90.037282",11434
"35.04915, -90.025053",31407
"35.060877, -90.000946",19426
"35.087157, -89.987814",25589
"35.084031, -89.959982",31819
"35.075767, -89.931593",36697
"35.086145, -89.896145",20116
"35.09586, -89.818903",34041
"35.04495, -89.646117",16378
"35.02953, -89.666528",10176
"35.046402, -89.701047",26274
"35.066308, -89.731685",33445
"35.020533, -89.791029",17850
"35.000292, -89.795446",24975
"35.020339, -89.876756",29208
"35.020546, -89.909376",38106
"35.05136, -89.915995",37848
"35.021919, -89.989819",24123
"35.001547, -90.025303",11735
"35.029395, -90.079108",17250
"35.014444, -90.094176",12770
"35.000713, -90.115633",14538
"35.155844, -90.041751",13630
"35.124589, -90.057231",14464
"35.124486, -90.053002",14007
"35.131857, -90.030405",20459
"35.130987, -90.024947",27787
"35.131165, -90.020842",12242
"35.128102, -90.019939",24535
"35.137412, -90.021567",30837
"35.103756, -89.983201",24889
"35.133614, -89.985152",36228
"35.13724, -89.98302",33732
"35.145421, -89.982191",35442
"35.139234, -89.979556",24816
"35.150837, -89.980152",16133
"35.158441, -89.982307",23315
"35.157895, -89.97907",22735
"35.140558, -90.043655",13434
"35.127209, -89.942614",26660
"35.126856, -90.021166",20184
"35.240985, -90.009845",24917
"35.160519, -89.880391",35534
"35.093117, -90.018201",14508
"35.072145, -90.020965",13340
"35.074873, -89.906099",21717
"35.081511, -89.889997",32742
"35.052806, -89.907743",32900
"35.143252, -90.056613",13328
"35.133417, -89.980998",25661
"35.154697, -89.980688",14400
"35.131288, -89.9167",27724
"35.119842, -89.984314",22920
"35.136075, -89.963998",16472
"35.110643, -89.984814",26656
"35.035313, -90.038131",15936
"35.035559, -90.015923",18303
"35.020917, -90.016147",30208
"35.020829, -90.053836",18710
"35.163129, -89.854492",23869
"35.082953, -90.057142",21921
"35.268476, -89.666875",12667
"35.216018, -89.734461",13205
"35.14545, -90.05366",10318
"35.070141, -89.945331",37234
"35.265224, -89.929424",15342
"35.25388, -89.751858",11720
"35.129598, -89.737856",15943
"35.071841, -89.766736",30112
"35.048529, -89.798775",32996
"35.020392, -89.802567",25281
"35.020501, -89.923108",20464
"35.162207, -89.924266",13062
"35.173213, -89.992164",10514
"35.14933, -89.950238",26070
"35.343169, -89.908099",24224
"35.150128, -90.042146",16808
"35.187422, -89.835957",38112
"35.062996, -89.836075",13191
"35.054756, -90.042583",16129
"35.053527, -89.999954",21502
"35.04957, -89.92341",35758
"35.050753, -89.894778",33321
"35.100018, -89.849488",37296
"35.154106, -90.018414",16902
"35.15113, -89.983042",29526
"35.145446, -89.944627",22510
"35.142303, -89.928237",12704
"35.141947, -89.908092",22522
"35.14804, -89.949076",39733
"35.153051, -90.057544",37308
"35.221666, -89.906572",17416
"35.152098, -89.889624",27374
"35.05252, -89.886114",24710
"35.173057, -89.89842",38790
"35.066081, -89.989262",14291
"35.006058, -89.942284",12510
"34.995012, -89.936738",12098
"35.143519, -90.010697",22114
"35.061571, -89.988538",39201
"35.188632, -89.975806",18867
"35.174846, -89.865586",20291
"35.039337, -89.936807",19766
"35.011962, -89.936895",28354
"35.165422, -89.90555",24479
"35.183706, -89.93235",27689
"35.198347, -89.958575",15991
"35.196856, -89.975772",28571
"35.194921, -90.00796",22130
"35.197155, -90.024187",21941
"35.204635, -90.033657",29479
"35.07749, -90.0629",13511
"35.231885, -89.898409",25157
"35.160911, -89.837027",14405
"35.153054, -89.846059",10029
"35.142991, -89.812478",12427
"35.1384, -90.010996",11550
"35.107791, -89.959023",15553
"35.117975, -89.887885",21082
"35.10703, -89.912922",25903
"35.097655, -89.906739",14206
"35.090687, -89.931113",28515
"35.086416, -90.049229",12553
"35.069048, -89.970794",19350
"35.05414, -89.928999",39810
"35.046995, -89.989784",33342
"35.027872, -90.070044",12245
"35.023926, -90.007588",18314
"35.1089, -90.001706",13681
"35.199092, -89.946806",15413
"35.220483, -89.920927",18688
"35.179786, -89.871447",25728
"35.139314, -89.999491",12543
"35.117948, -89.925971",27416
"35.115842, -89.978192",10196
"35.000248, -89.989906",22568
"35.042495, -89.908858",23215
"35.088579, -89.840247",28934
"35.11004, -89.841292",23805
"35.093089, -89.911388",10805
"35.092166, -89.858602",22083
"35.088058, -89.863583",18007
"35.062715, -89.865871",31846
"35.330634, -89.912136",10315
"35.32452, -89.882344",20669
"35.2714, -89.887712",15042
"35.21798, -89.89422",22785
"35.247287, -89.927217",12099
"35.054918, -89.950934",13257
"35.09145, -89.949453",13834
"35.173732, -89.882349",12559
"35.233835, -89.893699",18859
"35.204297, -89.894785",28236
"35.224264, -89.993301",10494
"35.030408, -89.759863",19271
"35.057458, -89.68604",22808
"35.324527, -89.903876",11409
"35.111695, -89.945873",25518
"35.07277, -89.917884",11682
"35.063851, -90.006985",31616
"35.238476, -89.837773",15314
"35.045826, -89.67891",19526
"35.030381, -89.795808",38708
"35.209246, -89.914669",11240
"35.183873, -89.877536",22255
"35.154928, -89.944314",11200
"35.153522, -89.976647",11354
"35.138119, -89.961684",12143
"35.157422, -90.049093",17466
"35.155487, -90.034355",19994
"35.158228, -90.010475",13602
"35.154453, -90.012398",11344
"35.137887, -90.026572",37211
"35.138819, -90.045849",20910
"35.118127, -90.075967",17116
"35.11401, -90.055213",13032
"35.098684, -90.055631",20716
"35.059314, -90.024071",34018
"35.11, -89.990909",28823
"35.036957, -89.927075",14921
"35.002505, -90.007681",11143
"35.006403, -90.014622",15434
"35.014935, -90.025188",21210
"35.027491, -90.025189",27170
"35.006338, -90.050312",10872
"35.338153, -89.897729",10169
"35.130825, -89.856089",24896
"35.119134, -89.838434",28036
"35.2238, -89.83571",27604
"35.249467, -89.793346",11121
"35.054308, -89.812873",13334
"35.122908, -89.936459",21811
"35.123811, -89.894782",18971
"35.094298, -89.829546",17644
"35.062218, -89.8996",25975
"35.055473, -89.857315",19828
"35.034983, -89.880338",18302
"35.023643, -89.822255",11655
"35.041634, -89.845297",22731
"35.041428, -90.05623",10040
"35.309924, -89.849261",11002
"35.195721, -89.726374",19635
"35.308673, -89.703525",14143
"35.310598, -89.749192",11424
"35.307667, -89.796868",12438
"35.070292, -89.954435",21251
"35.060743, -89.793239",22853
"35.142537, -89.78647",13036
"35.173726, -89.788331",20394
"35.190986, -89.814749",37081
"35.194891, -89.827007",14040
"35.323808, -89.807098",11159
"35.196739, -90.004713",12149
"35.157753, -89.859629",12654
"35.172246, -89.855043",10844
"35.170451, -89.836685",25208
"35.217298, -89.854698",15338
"35.010665, -89.848652",17370
"35.032201, -89.86637",22863
"35.030442, -89.884081",15192
"35.054494, -89.933748",24350
"35.065031, -89.937907",10081
"35.103702, -89.863417",10452
"35.148966, -90.046374",12806
"35.157186, -90.048201",15408
"35.07523, -89.79539",15590
"35.089559, -89.81154",15776
"35.095219, -89.810532",23416
"35.094219, -89.802191",10335
"35.095526, -89.798789",15087
"35.26821, -89.678682",16025
"35.180116, -89.85769",12609
"35.028697, -89.682563",26373
"35.204304, -89.783358",34012
"35.048344, -89.732579",24925
"35.070097, -89.857566",21373
"35.07686, -89.941522",11964
"35.107642, -89.889469",16822
"35.043268, -90.065669",27664
"35.095232, -89.779651",19765
"35.041006, -89.713752",18594
"35.221114, -89.966291",15323
"35.012162, -89.864533",16481
"35.058184, -89.826598",12053
"35.148076, -89.979176",34588
"35.157901, -89.792721",13894
"35.158267, -89.797121",17603
"35.176544, -89.77045",10509
"35.214941, -89.825702",21039
"35.211298, -89.814701",17609
"35.15784, -89.767817",17502
"35.160199, -89.731857",10744
"35.026142, -89.936912",30865
"35.025471, -89.904604",12483
"35.003634, -89.830903",31045
"35.024225, -89.759572",24928
"35.064286, -89.759564",15322
"35.069943, -89.759371",16172
"35.04715, -89.823612",14204
"35.05085, -89.843864",37775
"35.067966, -89.843251",18884
"35.041844, -89.795957",33339
"35.00584, -89.814812",11740
"35.029257, -89.689053",19852
"35.036344, -89.731251",13369
"35.049287, -89.835363",35483
"35.047938, -89.777135",27193
"35.047377, -89.753318",19071
"35.176743, -89.813681",26346
"35.207193, -89.840635",29693
"35.129297, -89.983849",36251
"35.312828, -89.87891",14927
"35.241988, -89.837633",13347
"35.108343, -90.033052",11184
"35.109638, -90.026505",12131
"35.095283, -89.727777",11008
"35.072354, -90.090092",10188
"35.174549, -89.774871",14543
"35.112712, -89.799955",22848
"35.166073, -89.757026",13229
"35.169351, -89.814504",23126
"35.225282, -89.656641",17245
"35.203686, -89.653064",18259
"35.272554, -89.645083",39669
"35.026837, -89.649905",18961
"35.253813, -89.675229",19585
"35.126875, -90.066911",13608
"35.095257, -89.737063",19878
"35.128789, -89.779583",30177
"35.271269, -89.662184",14466
"35.006878, -89.644073",20000
"35.018109, -89.643732",20000
"36.178408, -85.961445",36574
"36.189514, -85.952417",11480
"36.241009, -85.943943",10117
"36.139555, -85.803804",32556
"36.575353, -82.342641",11120
"36.590749, -82.514458",10171
"36.570073, -82.566061",17110
"36.594188, -82.572183",24980
"36.550869, -82.593325",12887
"36.509497, -82.561177",12190
"36.533598, -82.551243",18443
"36.5244, -82.519254",19100
"36.529854, -82.503911",17326
"36.54017, -82.331649",17966
"36.422998, -82.253983",10117
"36.445246, -82.459642",10708
"36.506158, -82.552169",25501
"36.545865, -82.513449",32407
"36.559655, -82.559035",32099
"36.589273, -82.270137",11472
"36.554644, -82.613202",30439
"36.593295, -82.21702",19530
"36.595524, -82.202538",14489
"36.517461, -82.524688",26428
"36.559994, -82.210985",18617
"36.519833, -82.515288",25664
"36.539435, -82.505763",29985
"36.514674, -82.519338",31152
"36.543332, -82.519467",23036
"36.534684, -82.529724",12542
"36.551293, -82.56637",16559
"36.528239, -82.556142",16532
"36.499492, -82.566319",13399
"36.5571, -82.539207",27461
"36.545061, -82.506033",27843
"36.553347, -82.57429",12133
"36.550483, -82.590132",13558
"36.540713, -82.539521",17715
"36.511948, -82.535252",26004
"36.591719, -82.238309",14756
"36.541463, -82.233727",21872
"36.584701, -82.185622",23697
"36.477229, -82.491406",25830
"36.565174, -82.304615",36530
"36.538263, -82.357928",38602
"36.559177, -82.570488",29505
"36.498174, -82.455368",39937
"36.519387, -82.404893",37806
"36.458984, -82.2854",23460
"36.491246, -82.270517",22094
"36.560305, -82.503756",17388
"36.521377, -82.2592",17403
"36.573333, -82.581469",11920
"36.52964, -82.580078",28645
"36.411354, -82.334036",22000
"36.471002, -82.484527",14644
"36.511364, -82.275085",18095
"36.429989, -82.31196",25280
"36.504565, -82.567466",28394
"36.594332, -82.188698",24497
"36.537855, -82.526818",12661
"36.5583, -82.557088",11034
"36.533017, -82.502962",31346
"36.523746, -82.306343",18966
"36.430855, -82.56649",36531
"36.577983, -86.499837",10740
"36.564595, -86.510769",15150
"36.35916, -86.712791",11033
"36.38045, -86.619823",11855
"36.361094, -86.610513",15176
"36.29303, -86.621634",12490
"36.305597, -86.612832",35037
"36.377207, -86.470621",31510
"36.387399, -86.46908",19380
"36.389909, -86.439952",16076
"36.411758, -86.411007",12894
"36.550043, -86.236784",12033
"36.472358, -86.329262",10243
"36.390362, -86.428553",12574
"36.387643, -86.449024",14807
"36.388388, -86.455394",17290
"36.390242, -86.449098",19615
"36.302824, -86.629265",22967
"36.307805, -86.633534",14440
"36.395878, -86.441281",15119
"36.334382, -86.547145",21216
"36.303287, -86.602804",10915
"36.298165, -86.614467",10449
"36.301139, -86.640879",10457
"36.34458, -86.717465",20327
"36.577199, -86.512491",13294
"36.599947, -86.533529",10858
"36.380333, -86.48026",11611
"36.398283, -86.342907",10805
"36.327754, -86.560299",18245
"36.327409, -86.619268",28487
"36.308658, -86.660519",28850
"36.579924, -86.515719",19337
"36.385498, -86.454296",25630
"36.367624, -86.458999",29616
"36.38145, -86.470124",30022
"36.3931, -86.478935",21246
"36.412292, -86.471946",15481
"36.305309, -86.652132",23670
"36.374468, -86.414743",10432
"36.577376, -86.528704",11507
"36.298706, -86.62203",10002
"36.301913, -86.631941",10260
"36.303106, -86.65157",10519
"36.315124, -86.604186",17705
"36.308677, -86.619914",10233
"36.310492, -86.599819",22225
"36.310642, -86.665839",13150
"36.340399, -86.718413",20014
"36.309172, -86.657015",22452
"36.327973, -86.562622",17447
"36.332594, -86.562397",12335
"36.382824, -86.496049",37968
"36.478282, -86.477274",12520
"36.522533, -86.50994",13181
"36.33353, -86.619412",19481
"35.445237, -89.792168",11584
"35.439906, -89.794428",18128
"35.435924, -89.774918",10768
"35.492505, -89.725336",12737
"35.549535, -89.658318",19465
"35.48035, -89.741784",20413
"35.534057, -89.677463",14999
"35.569416, -89.646756",20218
"35.394062, -89.852146",25959
"35.627805, -89.616371",12361
"35.588407, -89.63621",12743
"35.611642, -89.628276",12910
"36.400358, -86.165743",10294
"36.13921, -82.430252",18277
"36.158976, -82.407585",19855
"36.172305, -82.388364",22523
"36.242449, -82.326864",22183
"36.106515, -82.461052",10477
"36.196124, -82.367286",21653
"36.20032, -83.879879",12904
"36.243454, -83.812791",11698
"36.260105, -83.781488",11046
"35.705953, -85.781759",10733
"35.609666, -85.905673",11230
"35.697272, -85.75413",14333
"35.70108, -85.785432",21485
"35.697857, -85.798623",20624
"35.698151, -85.743031",16464
"35.695621, -85.810638",12941
"35.692226, -85.777619",15790
"35.699918, -85.772642",18312
"35.643439, -85.829807",13460
"35.707424, -85.731687",11920
"35.683183, -85.774182",12220
"35.657065, -85.81442",12875
"35.691187, -85.805986",15117
"35.697202, -85.779958",11852
"36.432733, -82.446993",13167
"36.382897, -82.421943",16761
"36.359971, -82.387472",17333
"36.364863, -82.381045",28872
"36.358995, -82.375684",10723
"36.309158, -82.330595",12898
"36.305813, -82.340636",12310
"36.305334, -82.345237",25310
"36.290472, -82.367865",10740
"36.310564, -82.39154",28786
"36.332391, -82.370904",24888
"36.304801, -82.450699",24285
"36.231164, -82.642404",11836
"36.240206, -82.62181",12606
"36.291117, -82.50586",18746
"36.315772, -82.370755",23159
"36.317471, -82.366441",17322
"36.298125, -82.473239",28798
"36.37021, -82.430051",20512
"36.354722, -82.38235",23750
"36.404164, -82.478904",14476
"36.40818, -82.475965",19322
"36.415614, -82.587043",30461
"36.338893, -82.381723",16089
"36.30355, -82.357868",22490
"36.309355, -82.365468",16259
"36.327732, -82.463095",10111
"36.309898, -82.361625",17059
"36.317478, -82.391468",35312
"36.304319, -82.383905",30792
"36.336186, -82.404961",27137
"36.35902, -82.392971",17116
"36.422895, -82.464003",11731
"36.317429, -82.345952",10117
"36.362949, -82.38881",17351
"36.296238, -88.746159",10806
"36.345032, -88.872767",12987
"36.336542, -88.872357",11478
"36.35003, -88.878522",11820
"36.003678, -85.503481",16652
"35.897924, -85.473245",11931
"35.924995, -85.460738",11523
"35.935869, -85.473997",10005
"35.926731, -85.467492",16082
"35.913097, -85.477254",10900
"35.928036, -85.486571",16072
"35.947678, -85.483327",15954
"35.934868, -85.481882",14042
"36.038143, -85.507824",15214
"35.9864, -85.499813",17856
"36.029572, -86.783294",12416
"36.03109, -86.789962",24803
"36.026263, -86.896939",12230
"35.989, -86.890664",19370
"35.994135, -87.086664",13214
"35.947972, -86.881681",18780
"35.9366, -86.859435",16117
"35.918667, -86.858987",19160
"35.900236, -86.875952",21719
"35.860745, -86.842582",15900
"35.901102, -86.78675",15610
"35.908157, -86.805956",23373
"35.970627, -86.822317",20910
"35.998428, -86.8042",21150
"35.994985, -86.772822",24155
"35.950229, -86.763278",12230
"35.935841, -86.774842",12268
"35.956861, -86.671757",13619
"35.856639, -86.666663",10987
"35.849496, -86.65988",11661
"35.803661, -86.903133",22396
"35.930676, -86.918304",13267
"35.927756, -86.865636",20747
"35.928586, -86.875019",12274
"35.925117, -86.88257",17647
"35.96529, -86.797017",21208
"35.83999, -86.882204",14690
"35.916288, -86.837236",32077
"35.976784, -86.82601",20630
"35.973336, -87.128438",16831
"35.810427, -86.662444",10612
"35.924421, -86.870619",11321
"35.924925, -86.873828",19768
"35.924561, -86.872112",12570
"35.982039, -86.777262",12822
"36.014498, -86.81019",16588
"35.908286, -86.87936",11272
"35.98675, -86.709048",13637
"35.961323, -86.884936",17973
"36.011254, -86.802008",23450
"35.893674, -86.863247",14253
"35.901247, -86.845455",26334
"35.923858, -86.843057",15919
"35.945259, -86.84778",25987
"35.945881, -86.87256",19070
"35.946073, -86.823648",31176
"35.907465, -86.835267",19684
"35.960519, -86.840941",12190
"35.906744, -86.824482",12083
"35.917206, -86.828265",15146
"35.952578, -86.817994",32572
"36.033334, -86.778449",21268
"36.036368, -86.802163",10444
"36.035351, -86.807342",18340
"36.009516, -86.888076",20088
"35.977452, -86.774247",12057
"35.996168, -86.785998",31670
"35.965947, -86.803842",21937
"35.913857, -86.818448",23415
"35.927657, -86.82962",17083
"35.891432, -86.850121",11114
"35.875562, -86.882338",16663
"35.821337, -86.848189",31817
"35.947649, -87.196897",14755
"35.955962, -86.803937",22568
"35.956205, -86.834742",10857
"35.945673, -86.819482",21426
"35.909309, -87.159769",17819
"35.822085, -86.942476",21155
"35.81623, -87.024868",18177
"35.935934, -86.826373",15723
"35.780865, -86.879032",10241
"35.782471, -86.900271",10661
"35.945883, -86.808847",18240
"36.328584, -86.436417",21281
"36.234095, -86.530165",10712
"36.225037, -86.514386",23366
"36.163264, -86.51496",21108
"36.2347, -86.448591",15991
"36.241075, -86.432025",22090
"36.214589, -86.325553",20290
"36.228581, -86.290024",10365
"36.193255, -86.411542",29482
"36.185042, -86.297788",22693
"36.219657, -86.330666",10522
"36.212087, -86.287439",17710
"36.211443, -86.282587",16602
"36.171779, -86.30343",10511
"36.176492, -86.259736",11217
"36.23467, -86.422936",15791
"36.1706, -86.126084",36268
"36.1845, -86.511324",33467
"36.143399, -86.51661",19969
"36.21125, -86.290588",13212
"36.219896, -86.34059",23085
"36.205191, -86.291548",14315
"36.214049, -86.290087",13054
"36.21251, -86.291413",13645
"36.216115, -86.304751",21180
"36.201885, -86.27584",14555
"36.228299, -86.427183",27773
"36.231024, -86.503943",21366
"36.231026, -86.524034",28749
"36.191257, -86.271802",16900
"36.218189, -86.576494",24576
"36.220026, -86.319851",15205
"36.235626, -86.313491",12060
"36.15131, -86.363475",19966
"36.104179, -86.411522",37381
"36.181039, -86.40488",36280
"36.160457, -86.399708",18370
"36.188683, -86.326195",26024
"36.203602, -86.326796",24358
"36.207754, -86.290876",10039
"36.180901, -86.326028",13601
"36.163983, -86.51278",12831